"ID","Nombre","Sexo","Edad","Fecha_Nacimiento","País","Teléfono","Correo","Domicilio","Foto","Lista","Excel"
"1","Willie Houston","Masculino","18","2007-04-06","Japon","8.06072E+11","willie@gmail.com","5869 Isabel Travessa, Ponte de Sor, PA 8955","/uploads/documents/images.jpg","/home/sebastian/Documents/uploads/documents/lista.txt","/home/sebastian/Documents/uploads/documents/lista.csv"
"2","Doris Powell","Femenino","25","2000-03-19","Canada","15489028700","doris 23@hotmail.com
","Apt. 683 487 Jerome Port, Bernhardfort, WY 59789-4131",,,
"3","Milo Barrett","Masculino","34","1991-10-25","Alemania","4.91531E+12","123juan@gmail.com
","Zimmer 620 Sonderburger Str. 1, Malikberg, BW 17608",,,
"4","Benjamin Hurst","Masculino","23","2002-08-24","Estados Unidos","13052556891","dayne.baumbach@gmail.com
","Suite 917 6808 Annie Forest, Lake Shelachester, GA 56230",,,
"5","Caiden Chen","Masculino","17","2008-04-15","Brazil","5.53594E+12","80leonora champlin@hotmail.com","Puerta 831 Salida Laura, 98, Paterna, Bal 19389",,,
"6","Caitlyn Holden","Femenino","21","2004-12-22","Rusia","79355293637","eudora.vandervort70@gmail.com","Apt. 590 al. Łukasik 970, Mława, PM 65-288",,,
"7","Kelvin Gardner","Masculino","20","2005-03-07","Canada","17533871307","lorna_gottlieb91@yahoo.com","480 Ferne Shores, Auermouth, KS 81250",,,
"8","Enya Nash","Femenino","17","2008-07-09","Indonesia","6.28764E+12","johathan5@mail.net
","Jl. Hayamwuruk No. 77, Intan Jaya, JW 41660",,,
"9","Tina Chandler","Femenino","31","1994-01-10","China","8.61741E+12","bell.predovic58@gmail.com
","62630 Peggie Port, Bartonberg, CO 43458-6975",,,
"10","Haroon Hudson","Masculino","45","1979-11-14","Mexico","5.24955E+11","77elmira@hotmail.com
","Parque César 85 Esc. 828, Benalmádena, Ext 60878",,,
"11","Faizan Boone","Femenino","20","2005-05-23","Alemania","4.91629E+12","noah6_@gmail.com","3 OG Sandstr. 45c, Jeremiegrün, HE 50723",,,
"12","Eleni Wilkinson","Femenino","14","2011-07-01","Brazil","5.53772E+11","mina9@hotmail.com","Jl. Rasuna Said No. 65, Jakarta Barat, YO 72880",,,
"13","Haseeb Richmond","Masculino","18","2007-08-14","India","9.17477E+11","destany_bayèr@yahoo.com
","Lote 43 2434 Carvalho Viela, Mangualde, MA 3117",,,
"14","Penny Benjamin","Femenino","16","2009-03-06","Rusia","79926911701","*dasia54@yahoo.com
","al. Golec 173, Bytom Odrzański, PK 28-156",,,
"15","Omari Lowe","Femenino","37","1988-02-18","Japon","8.08075E+11","jeanette_fay40@gmail.com","19056 Silas Drive, Rockyfurt, MD 41345",,,
"16","Nicholas Daniel","Masculino","34","1991-03-31","China","8.61858E+12","àriane_olson@yahoo.com","al. Skalski 664, Zambrów, LS 95-860",,,
"17","Kyle Parker","Masculino","54","1971-12-18","Indonesia","6.2837E+12","emil33@hotmail.com
","Jl. Gatot Soebroto No. 83, Cilacap, SA 63944",,,
"18","Jake Vasquez","Masculino","21","2004-06-22","Canada","19027451024","desiree31@hotmail.com
","2825 Wiza Port, Hilpertchester, CT 02715-8367",,,
"19","Lenny Holmes","Masculino","23","2002-04-26","Brazil","5.55471E+11","adolfo49!@yahoo.com","Edificio Elisa 29 Esc. 358, Cuenta, Man 63032",,,
"20","Victor Hayden","Masculino","19","2006-01-12","Alemania","4.91609E+12","marcelo.bartell29@yahoo.com","Graf-Galen-Platz 73, Bad Ninohagen, BB 46183",,,
