"NOMBRE","SEXO","EDAD","Correo Electronico"
"Willie Houston","H","18","willie@gmail.com"
"Doris Powell","M","25","doris 23@hotmail.com"
"Milo Barrett","H","34","123juan@gmail.com"
"Benjamin Hurst","H","23","dayne.baumbach@gmail.com"
"Caiden Chen","H","17","80leonora champlin@hotmail.com"
"Caitlyn Holden","M","21","eudora.vandervort70@gmail.com"
"Kelvin Gardner","H","20","lorna_gottlieb91@yahoo.com"
"Enya Nash","M","17","johathan5@mail.net"
"Tina Chandler","M","31","bell.predovic58@gmail.com"
"Haroon Hudson","H","45","77elmira@hotmail.com"
"Faizan Boone","M","20","noah6_@gmail.com"
"Eleni Wilkinson","M","14","mina9@hotmail.com"
"Haseeb Richmond","H","18","destany_bayèr@yahoo.com"
"Penny Benjamin","M","16","*dasia54@yahoo.com"
"Omari Lowe","M","37","jeanette_fay40@gmail.com"
"Nicholas Daniel","H","34","àriane_olson@yahoo.com"
"Kyle Parker","H","54","emil33@hotmail.com"
"Jake Vasquez","H","21","desiree31@hotmail.com"
"Lenny Holmes","H","23","adolfo49!@yahoo.com"
"Victor Hayden","H","19","marcelo.bartell29@yahoo.com"
