NOMBRE,SEXO,EDAD,Correo Electronico
Willie Houston,M,18,willie@gmail.com
Doris Powell,F,25,doris 23@hotmail.com
Milo Barrett,M,34,123juan@gmail.com
Benjamin Hurst,M,23,dayne.baumbach@gmail.com
Caiden Chen,O,17,80leonora champlin@hotmail.com
Caitlyn Holden,F,21,eudora.vandervort70@gmail.com
Kelvin Gardner,M,20,lorna_gottlieb91@yahoo.com
Enya Nash,O,17,johathan5@mail.net
Tina Chandler,F,31,bell.predovic58@gmail.com
Haroon Hudson,M,45,77elmira@hotmail.com
Faizan Boone,F,20,noah6_@gmail.com
Eleni Wilkinson,O,14,mina9@hotmail.com
Haseeb Richmond,M,18,destany_bayèr@yahoo.com
Penny Benjamin,F,16,*dasia54@yahoo.com
Omari Lowe,O,37,jeanette_fay40@gmail.com
Nicholas Daniel,M,34,àriane_olson@yahoo.com
Kyley Parker,F,54,emil33@hotmail.com
Jake Vasquez,M,21,desiree31@hotmail.com
Lenny Holmes,O,23,adolfo49!@yahoo.com
Victor Hayden,M,19,marcelo.bartell29@yahoo.com
